Nintendo hosts a Mario level-design workshop at the Los …,... a fun space for families and local teens to enjoy ... as well as select courses from the Super Mario Maker ... provide a fun way for adults and kids to enjoy ... ,
Nintendo hosts a Mario level-design workshop at the Los …,... a fun space for families and local teens to enjoy ... as well as select courses from the Super Mario Maker ... provide a fun way for adults and kids to enjoy ... ,
Ben 10 Omniverse for Wii - Nintendo Game Details,"Players will experience the exciting Omniverse world in a new action game, where Ben discovers that untold events from the past are affecting the present. Play as both Teen Ben and Young Ben and work with your new partner Rook to defeat the evil plan …",Search all games in the Game Guide
Nancy Drew: The Mystery of the Clue Bender Society for …,"The Clue Bender Society, a group consisting of the world's greatest detectives, is looking for their newest member. Teen super-sleuth Nancy Drew is among three exceptional candidates that could make the cut if she can solve a series of pre-determined …",Search all games in the Game Guide
Summer's Off to a Sizzling Start with New Game Downloads …,... Console Wild Guns Original platform: Super NES Publisher ... 1-2 ESRB Rating: T (Teen) - Animated Violence ... The Kid gang and their army of robots ... ,
"From Casino Kicks to Canine Tricks, There's Downloadable …",... Family or brawl with fierce competitors in Blayzbloo: Super Melee Action ... Big John Games Players: 1 ESRB Rating: T (Teen) – Simulated Gambling ... ,
Nintendo Offers Downloadable Halloween Fun from Axe to …,"... and other supernatural creatures in a Super NES classic ... Both kids use the same control scheme and ... two-player mode, each player must pick a kid. ... ",
"With Fantasy Games This Good, Why Settle for Reality? …",... FINAL FANTASY II Original platform: Super NES Publisher ... Players: 1 ESRB Rating: T (Teen) - Fantasy Violence ... are the fun new way for kids to read ... ,
| Nintendo - Customer Service | Nintendo Buyer's Guide,"... T (Teen) - may be suitable for persons ages 13 ... Titles rated ""Kids to Adult (KA)"" have content ... Average, Hand-eye Coordination, Super Smash Bros. ... ",
Classic Rayman and Street Fighter Games Lead a Luminous …,... Console Street Fighter Alpha 2 Original platform: Super NES Publisher: Capcom USA Players: 1-2 ESRB Rating: T (Teen) - Animated Violence ... ,
