Martial Arts,by,Instant Downloads,53 pages
Martial Arts For Dummies,by,Jennifer Lawler,600 pages
"Martial  Arts Training: A Mixed Martial Arts Handbook on the Best Martial Arts  Styles & Self Defense Techniques MMA Training Tips of Wing Chun,  Hapkido, Muay Thai Training, Kung Fu Training, Tae Kwon Do, Judo and  More",by,"Steve Colburne, Malibu Publishing",109 pages
Surviving an Active Shooter Incident,by,Guardian Martial Arts,30 pages
"Martial  Arts: The Truth Behind the Myths! - The Martial Arts and Self Defense  Secrets You NEED to Know (Bullshido, Baloney and Bruce Lee!)",by,Phil Pierce,148 pages
Martial Arts: A Biblical Perspective,by,Paul Villanueva,34 pages
Filipino Martial Arts: Cabales Serrada Escrima,by,Mark V. Wiley,153 pages
Ancient Okinawan Martial Arts,by,Patrick McCarthy,112 pages
Ancient Okinawan Martial Arts: Koryu Uchinadi,by,Patrick McCarthy,237 pages
Martial Arts Home Training: The Complete Guide to the Construction and Use of Home Training Equipment,by,Mike Young,247 pages
Martial Arts and Philosophy: Beating and Nothingness,by,Graham Priest,395 pages
Martial Arts Nutrition: A Precision Guide to Fueling Your Fighting Edge,by,Teri Tom,298 pages
"The Anatomy of Martial Arts: An Illustrated Guide to the Muscles Used for Each Strike, Kick, and Throw",by,Lily Chou,481 pages
The Complete Martial Arts Training Manual: An Integrated Approach (Downloadable Media Included),by,Ashley Martin,385 pages
Mixed Martial Arts Fighting Techniques: Apply Modern Training Methods Used by MMA Pros!,by, Danny Indio,114 pages
The Martial Arts of Ancient Greece: Modern Fighting Techniques from the Age of Alexander,by,Kostas Dervenis,361 pages
Martial Arts Studies: Disrupting Disciplinary Boundaries,by,Paul Bowman,208 pages
Spiritual Dimensions of the Martial Arts,by,Michael Maliszewski,304 pages
Martial Arts Techniques for Law Enforcement,by,Mike Young,288 pages
"Essential  Book of Martial Arts Kicks: 89 Kicks from Karate, Taekwondo, Muay Thai,  Jeet Kune Do, and Others (Downloadable Media Included)",by,Marc De Bremaeker,644 pages
The Mixed Martial Arts Handbook: The Insider's Guide to Fighting Techniques,by, John Ritschel,546 pages
The Ultimate Guide to Weight Training for Martial Arts,by,Rob Price,248 pages
Martial Arts Training: The Science Behind Martial Arts,by, Louis Johnson,48 pages
"Sumo for Mixed Martial Arts: Winning Clinches, Takedowns, & Tactics",by,Andrew Zerling,437 pages
"The Ultimate Mixed Martial Arts Training Guide: Techniques for Fitness, Self Defense, and Competition",by,Danny Plyler,581 pages
Mixed Martial Arts IQ: The Ultimate Test of True Fandom,by, Zac Robinson,174 pages
Martial Arts Questions and Answers,by,Bruce Everett Miller,69 pages
Legends of the Martial Arts Masters,by,Susan Lynn Peterson,163 pages
Martial Arts Training in Japan: A Guide for Westerners,by,David Jones,192 pages
Esoteric Martial Arts of Zen: Training Methods of the Patriarch,by,Edward Orem,58 pages
Secrets of the Internal Martial Arts,by,Jade Dragon,76 pages
Martial Arts against Multiple Opponents,by, Lor Mun Mak,61 pages
25 Principles of Martial Arts: Book of strategies,by,Kambiz Mostofizadeh,112 pages
Knowing the Facts about the Martial Arts,by,John Ankerberg,84 pages
Why Martial Arts Can Positively Change Lives,by,Tracy Lee Thomas,52 pages
"Zen and The Art of Meditation Yoga, and Martial Arts",by,Johnny Sprang,61 pages
Martial Arts: The Ultimate Combat System Revealed,by,Michael Kennedy,81 pages
A Complete Martial Arts Studio Business Plan: A Key Part Of How To Start A Martial Arts Instructor Business,by,In Demand Business Plans,79 pages
Martial Arts Training in Japan: A Guide for Westerners,by,David Jones,239 pages
Martial Arts: Learn How to Become the Ultimate Warrior,by,Robert Zangari,210 pages
