 National science reforms, , Download PDF, , , Linda Froschauer, ,"Science Scope, Vol. 18, No. 8 (MAY 1995), pp. 44-45 ", Cite this Item, [Journal], 
 Towards a National Science Policy, (pp. 23-27), Download PDF, From:, Canadian-American Planning, O. M. SOLANDT,University of Toronto Press (1966) , , Cite this Item, [Chapter], 
 First National Science Fair, , Download PDF, , , , ,"The Science News-Letter, Vol. 57, No. 21 (May 27, 1950), pp. 326-327 ", Cite this Item, [Journal], 
 Second National Science Fair, , Download PDF, , , , ,"The Science News-Letter, Vol. 59, No. 21 (May 26, 1951), pp. 326-327 ", Cite this Item, [Journal], 
 The National Science Education Standards, , Download PDF, , ,"Rodger W. Bybee, Audrey B. Champagne", ,"The Science Teacher, Vol. 67, No. 1 (JANUARY 2000), pp. 54-55 ", Cite this Item, [Journal], 
 National Science Teachers Association, , Download PDF, , , , ,"Science and Children, Vol. 25, No. 8 (May 1988), pp. 1-18 ", Cite this Item, [Journal], 
 National Science Foundation Hearings, , Download PDF, , , Roger W. Heyns, ,"Science, New Series, Vol. 206, No. 4424 (Dec. 14, 1979), p. 1265 ", Cite this Item, [Journal], 
 National Science Teachers Association, , Download PDF, , , , ,"Science and Children, Vol. 26, No. 1 (September 1988), pp. 1-17", Cite this Item, [Journal], 
 A National Science Foundation?, , Download PDF, , , Philip N. Powers, ,"Science, New Series, Vol. 104, No. 2713 (Dec. 27, 1946), pp. 614-619 ", Cite this Item, [Journal], 
 A National Science Foundation, , Download PDF, , , William C. Foster, ,"Science, New Series, Vol. 105, No. 2725 (Mar. 21, 1947), pp. 297-299 ", Cite this Item, [Journal], 
 National Science Board, , Download PDF, , , , ,"Science, New Series, Vol. 127, No. 3310 (Jun. 6, 1958), p. 1330 ", Cite this Item, [Journal], 
 THE NATIONAL SCIENCE FOUNDATION, , Download PDF, , , , ,"American Scientist, Vol. 43, No. 2 (APRIL 1955), p. 222, 224, 226, 228, 230, 232 ", Cite this Item, [Journal], 
 National Science Foundation, , Download PDF, , , M. Dale Arvey, ,"BioScience, Vol. 14, No. 5, Arctic Biology (May, 1964), pp. 26-27 ", Cite this Item, [Journal], 
 National Science Policy, , Download PDF, , , , ,"Science, New Series, Vol. 125, No. 3256 (May 24, 1957), p. 1029 ", Cite this Item, [Journal], 
 National Science Board Rethinks Charter, , Download PDF, , , John Walsh, ,"Science, New Series, Vol. 223, No. 4631 (Jan. 6, 1984), pp. 32-33 ", Cite this Item, [Journal], 
 National Science Foundation, , Download PDF, , ," George Sprugel, Jr.", ,"AIBS Bulletin, Vol. 13, No. 5, Marine Biology (Oct., 1963), pp. 33-35 ", Cite this Item, [Journal], 
 National Science Policy, , Download PDF, , , Alan T. Waterman, ,"Science, New Series, Vol. 115, No. 2988 (Apr. 4, 1952), p. 3a ", Cite this Item, [Journal], 
 NATIONAL SCIENCE TEACHERS ASSOCIATION, , Download PDF, , , , ,"Science and Children, Vol. 5, No. 5 (January / February 1968), pp. 32-35", Cite this Item, [Journal], 
 National Science Foundation Budget, , Download PDF, , , , ,"Science, New Series, Vol. 127, No. 3297 (Mar. 7, 1958), p. 510 ", Cite this Item, [Journal], 
 NATIONAL SCIENCE ASSESSMENT, , Download PDF, , , ELEANOR L. NORRIS, ,"The Science Teacher, Vol. 36, No. 6 (SEPTEMBER 1969), pp. 45-47 ", Cite this Item, [Journal], 
 The National Science Foundation, , Download PDF, , , Elbert D. Thomas, ,"Social Science, Vol. 23, No. 3 (July 1948), pp. 141-146 ", Cite this Item, [Journal], 
 The National Science Foundation, , Download PDF, , , Philip H. Abelson, ,"Science, New Series, Vol. 160, No. 3827 (May 3, 1968), p. 487 ", Cite this Item, [Journal], 
 NATIONAL SCIENCE TEACHERS ASSOCIATION, , Download PDF, , , , ,"Journal of College Science Teaching, Vol. 5, No. 2 (NOVEMBER 1975), pp. 135-136 ", Cite this Item, [Journal], 
 NATIONAL SCIENCE TEACHERS ASSOCIATION, , Download PDF, , , , ,"Journal of College Science Teaching, Vol. 5, No. 3 (JANUARY 1976), pp. 208-209 ", Cite this Item, [Journal], 
 National Science Youth Month, , Download PDF, , , J.T, ,"Science, New Series, Vol. 126, No. 3273 (Sep. 20, 1957), p. 543 ", Cite this Item, [Journal],
