Centro de Seguridad - Chase,...Seguimos un conjunto claro de pautas cuando hablamos contigo sobre tus cuentas o compartimos tu información con otros....
General policy information,
General policy information,
Paying off your mortgage | Home Lending | Chase,...Find out how to request the payoff balance on your mortgage loan....
Información General de la Política,
Información General de la Política,
General,
"Veteran Jobs Mission: New Name, New Goal for Hiring One …",
Requisitos del Sistema | Chase Online,...Usa las últimas versiones para la mejor experiencia …
Aviso de Privacidad de Chase,
