 #BlizzGC2015: How Do You Like to Have #Fun?, (16 comments),Posted by Blizzard Entertainment on 7/6/15 7:00 AM ,"It’s a brand-new week, which means a brand-new hashtag for our gamescom social media contest. This week, we’re celebrating the good times, which are what Blizzard games are all about."
 Fireside Fun - Event Highlights, (15 comments),Posted by Daxxarri on 7/11/14 2:00 PM , Inspiring Innkeepers all across the world have done a bang-up job hosting Fireside Gatherings. Join us for a whirlwind tour of some of these memorable events!
 Enjoy Legacy of the Void with These Fun Events!, (8 comments),Posted by Blizzard Entertainment on 11/13/15 11:45 AM ,"The Launch of Legacy of the Void was accompanied by a host of content, both community-driven and promoted by Blizzard. Here we’ve provided a list of everything so far, as well as what you can expect i…"
 Games Level Design: Prison Brakk, (1 comments),Posted by Blizzard Entertainment on 8/29/16 10:00 AM ,"Part two of our three part series focuses on jail breaking, boss fighting Prison Brakk."
 Games Level Design: Best Gun, (0 comments),Posted by Blizzard Entertainment on 8/26/16 10:00 AM ,"In this three-part series we take a look at the final assessment for Games Level Design, a course held at Queensland University of Technology in Australia."
 Games Level Design: Part Two, (1 comments),Posted by Blizzard Entertainment on 8/20/14 11:00 AM , We continue our series focused on the &#39;Games Level Design&#39; course at Queensland University of Technology in Australia with a look at Lord of War.
"Fun, Competition, and… BBQ!? It’s Time for HomeStory Cup IV", (3 comments),Posted by Blizzard Entertainment on 1/6/12 6:00 PM ,"The New Year is already off with a bang as the unique HomeStory Cup makes its explosive return. It’s back and this time it’s bigger, better, and hopefully with more White-Ra BBQ than ever before!"
 War Games: Battleground and Arena Skirmishes, (293 comments),Posted by Bashiok on 12/13/10 9:37 AM,"Beginning with Arena Season 9, we&#39;re giving Arena and Battleground teams the option to challenge each other to War Games, a new kind of skirmish that allows teams to practice, set up matches again…"
"Coming Soon: Custom Games, Observer Mode, and Replays", (50 comments),Posted by Spyrian on 10/7/14 8:00 AM ,"The return of the Technical Alpha will offer a very early look at a few features for Heroes of the Storm that we’re sure some of you will be excited to try out. Today, we’d like to introduce you to ou…"
 Top Ten Arcade Games Revealed -- Play. Vote. Win., (96 comments),Posted by Blizzard Entertainment on 7/8/14 1:45 PM , Blog post for voting in the 2014 SC 2 Rock the Cabinet contest.
