5 tags,"San Francisco, CA",,Home from Zillow
4 tags,"Tampa, FL",1,Home from Zillow
6 tags,"Cincinnati, OH",37,Home from Zillow
4 tags,"Lancaster, PA",24,Home from Zillow
4 tags,Raj Qsar,17,"Buyer's Agent, Listing Agent,..."
6 tags,"Carlsbad, CA",69,Home from Zillow
2 tags,Lydia Wilkerson,5,Walk-in Closet - His
3 tags,"Santa Barbara, CA",7,Home from Zillow
1 tag,"Spokane, WA",5,Home from Zillow
2 tags,user418686,39,Home design ideas
2 tags,"Colorado Springs, CO",7,Home from Zillow
2 tags,closetsb2b,8,"Carpentry, General Contractin..."
1 tag,transFORM Home,10,Interior Design
1 tag,"Franklin, TN",15,Home from Zillow
2 tags,"Paradise Valley, AZ",13,Home from Zillow
2 tags,breana12456,44,Apt
2 tags,Zillow Digs,25,
2 tags,"San Dimas, CA",5,Home from Zillow
2 tags,Valet Custom Cabinets & Close...,10,Interior Design
2 tags,"Miami Beach, FL",18,Home from Zillow
2 tags,Lydia Wilkerson,8,Walk-in Closet - His
4 tags,Robert Puertas,48,Architecture
4 tags,"Charleston, SC",2,Home from Zillow
4 tags,user97556264,4,Home design ideas
3 tags,"TZS Design, LLC",24,Interior Design
