17,0, Loud Crash - SSE Plugi..., by, utopium, for, Skyrim Special Edition
42,2, Camp Searchlight Crash..., by, nagyond, for, Fallout New Vegas
184,3, Dagi-Raht Vampire BUG ..., by, Taelin, for, Skyrim Special Edition
"1,650",33, Perfectly Procedural P..., by, x60n0va, for, No Man's Sky
"27,593","1,343", Continue Game No Crash, by, utopium, for, Skyrim
91,12, Star Trek Factions Cra..., by, zen26, for, No Man's Sky
54,2, Crashed Ship Flag Over..., by, ryzehr, for, No Man's Sky
45,4, UFO crash site cleanup, by, mkborgelt13, for, Fallout 4
1,0, xS ROCmod 2.1c CrashFi..., by, GameFrontArchiver, for, Soldier of Fortune 2
0,0, .wS|RocMod 2.1c Crash ..., by, GameFrontArchiver, for, Soldier of Fortune 2
0,0, SOF2 OSP Client Crash ..., by, GameFrontArchiver, for, Soldier of Fortune 2
0,0,Dream Mod US Crash Fix, by,GameFrontArchiver, for,S.T.A.L.K.E.R.: Shadow of Chernobyl
"2,246",94, Helicopter Crash Site ..., by, wehrberus, for, Fallout 4
19,0, Armored Voyager update..., by, GameFrontArchiver, for, Star Trek: Bridge Commander
1,0, Crash Test Video, by, GameFrontArchiver, for, Grand Theft Auto: San Andreas
9,0, Naboo Crash Fix (1.0), by, GameFrontArchiver, for, Star Wars: Battlefront II
0,0, Crash N Burn, by, GameFrontArchiver, for, Battlefield 2
0,0, Crashed Klingon Vessel..., by, GameFrontArchiver, for, Star Trek Voyager: Elite Force
1,0, Crash Landing (Ice) (1..., by, GameFrontArchiver, for, Star Wars: Empire at War
1,0, Crash Landing (Ice) 1...., by, GameFrontArchiver, for, Star Wars: Empire at War
1,0, Crash on Dantooine, by, GameFrontArchiver, for, Star Wars: Empire at War
1,0, Crash Site (1), by, GameFrontArchiver, for, Star Wars: Empire at War
2,0, Crash Site (v2), by, GameFrontArchiver, for, Command & Conquer: Generals
1,0, Test Crash, by, GameFrontArchiver, for, Medal Of Honor
0,0, KF-Crash-Unreal25 (1.0..., by, GameFrontArchiver, for, Unreal Tournament 2004
0,0, AS CrashRing, by, GameFrontArchiver, for, Unreal Tournament 2004
0,0, Battlefield Grand Prix..., by, GameFrontArchiver, for, Battlefield 1942
0,0, DC Plane Crash, by, GameFrontArchiver, for, Battlefield 1942
15,1, Anti Crash files Call ..., by, GameFrontArchiver, for, Call of Duty
0,0, Crystal Crash, by, GameFrontArchiver, for, Aliens Vs Predator 2
